Level,Date and Time,Source,Event ID,Task Category
Information,28.12.2016 г. 16:26:53 ч.,EventLog,6005,None,The Event log service was started.
Information,28.12.2016 г. 16:21:52 ч.,EventLog,6005,None,The Event log service was started.
Information,28.12.2016 г. 15:52:19 ч.,EventLog,6005,None,The Event log service was started.
Information,28.12.2016 г. 11:23:57 ч.,EventLog,6006,None,The Event log service was stopped.
Information,28.12.2016 г. 08:32:51 ч.,EventLog,6005,None,The Event log service was started.
Information,27.12.2016 г. 12:23:34 ч.,EventLog,6006,None,The Event log service was stopped.
Information,27.12.2016 г. 08:44:06 ч.,EventLog,6005,None,The Event log service was started.
Information,26.12.2016 г. 14:05:33 ч.,EventLog,6006,None,The Event log service was stopped.
Information,26.12.2016 г. 14:02:43 ч.,EventLog,6005,None,The Event log service was started.
Information,26.12.2016 г. 13:30:20 ч.,EventLog,6005,None,The Event log service was started.
Information,26.12.2016 г. 13:16:22 ч.,EventLog,6005,None,The Event log service was started.
Information,25.12.2016 г. 12:58:26 ч.,EventLog,6006,None,The Event log service was stopped.
Information,25.12.2016 г. 12:53:23 ч.,EventLog,6005,None,The Event log service was started.
Information,25.12.2016 г. 12:43:41 ч.,EventLog,6006,None,The Event log service was stopped.
Information,25.12.2016 г. 12:33:10 ч.,EventLog,6005,None,The Event log service was started.
Information,24.12.2016 г. 22:22:39 ч.,EventLog,6006,None,The Event log service was stopped.
Information,24.12.2016 г. 21:47:36 ч.,EventLog,6005,None,The Event log service was started.
Information,24.12.2016 г. 19:00:15 ч.,EventLog,6006,None,The Event log service was stopped.
Information,24.12.2016 г. 18:31:58 ч.,EventLog,6005,None,The Event log service was started.
Information,24.12.2016 г. 18:31:02 ч.,EventLog,6006,None,The Event log service was stopped.
Information,24.12.2016 г. 13:40:35 ч.,EventLog,6005,None,The Event log service was started.
Information,24.12.2016 г. 13:39:53 ч.,EventLog,6006,None,The Event log service was stopped.
Information,24.12.2016 г. 13:37:35 ч.,EventLog,6005,None,The Event log service was started.
Information,24.12.2016 г. 13:36:51 ч.,EventLog,6006,None,The Event log service was stopped.
Information,24.12.2016 г. 13:26:24 ч.,EventLog,6005,None,The Event log service was started.
Information,23.12.2016 г. 22:55:22 ч.,EventLog,6006,None,The Event log service was stopped.
Information,23.12.2016 г. 22:49:18 ч.,EventLog,6005,None,The Event log service was started.
Information,23.12.2016 г. 22:48:35 ч.,EventLog,6006,None,The Event log service was stopped.
Information,23.12.2016 г. 22:46:51 ч.,EventLog,6005,None,The Event log service was started.
Information,23.12.2016 г. 22:46:11 ч.,EventLog,6006,None,The Event log service was stopped.
Information,23.12.2016 г. 21:11:35 ч.,EventLog,6005,None,The Event log service was started.
Information,22.12.2016 г. 12:22:20 ч.,EventLog,6006,None,The Event log service was stopped.
Information,22.12.2016 г. 08:45:32 ч.,EventLog,6005,None,The Event log service was started.
Information,21.12.2016 г. 12:41:27 ч.,EventLog,6006,None,The Event log service was stopped.
Information,21.12.2016 г. 08:59:24 ч.,EventLog,6005,None,The Event log service was started.
Information,20.12.2016 г. 12:03:58 ч.,EventLog,6006,None,The Event log service was stopped.
Information,20.12.2016 г. 08:50:39 ч.,EventLog,6005,None,The Event log service was started.
Information,19.12.2016 г. 12:19:09 ч.,EventLog,6006,None,The Event log service was stopped.
Information,19.12.2016 г. 09:17:17 ч.,EventLog,6005,None,The Event log service was started.
Information,17.12.2016 г. 11:25:18 ч.,EventLog,6006,None,The Event log service was stopped.
Information,17.12.2016 г. 10:29:47 ч.,EventLog,6005,None,The Event log service was started.
Information,17.12.2016 г. 10:10:53 ч.,EventLog,6005,None,The Event log service was started.
Information,17.12.2016 г. 09:11:03 ч.,EventLog,6005,None,The Event log service was started.
Information,17.12.2016 г. 09:08:19 ч.,EventLog,6005,None,The Event log service was started.
Information,16.12.2016 г. 12:45:18 ч.,EventLog,6006,None,The Event log service was stopped.
Information,16.12.2016 г. 08:44:41 ч.,EventLog,6005,None,The Event log service was started.
Information,15.12.2016 г. 08:52:10 ч.,EventLog,6005,None,The Event log service was started.
Information,15.12.2016 г. 08:43:33 ч.,EventLog,6005,None,The Event log service was started.
Information,14.12.2016 г. 13:11:19 ч.,EventLog,6006,None,The Event log service was stopped.
Information,14.12.2016 г. 08:23:11 ч.,EventLog,6005,None,The Event log service was started.
Information,13.12.2016 г. 13:03:27 ч.,EventLog,6006,None,The Event log service was stopped.
Information,13.12.2016 г. 09:03:39 ч.,EventLog,6005,None,The Event log service was started.
Information,12.12.2016 г. 12:39:32 ч.,EventLog,6006,None,The Event log service was stopped.
Information,12.12.2016 г. 08:55:28 ч.,EventLog,6005,None,The Event log service was started.
Information,9.12.2016 г. 17:38:31 ч.,EventLog,6006,None,The Event log service was stopped.
Information,9.12.2016 г. 17:12:44 ч.,EventLog,6005,None,The Event log service was started.
Information,9.12.2016 г. 17:11:48 ч.,EventLog,6006,None,The Event log service was stopped.
Information,9.12.2016 г. 15:13:35 ч.,EventLog,6005,None,The Event log service was started.
Information,9.12.2016 г. 15:12:39 ч.,EventLog,6006,None,The Event log service was stopped.
Information,9.12.2016 г. 13:08:55 ч.,EventLog,6005,None,The Event log service was started.
Information,9.12.2016 г. 12:25:54 ч.,EventLog,6006,None,The Event log service was stopped.
Information,9.12.2016 г. 08:31:32 ч.,EventLog,6005,None,The Event log service was started.
Information,9.12.2016 г. 08:06:35 ч.,EventLog,6005,None,The Event log service was started.
Information,9.12.2016 г. 00:11:46 ч.,EventLog,6006,None,The Event log service was stopped.
Information,8.12.2016 г. 17:39:49 ч.,EventLog,6005,None,The Event log service was started.
Information,8.12.2016 г. 12:56:58 ч.,EventLog,6006,None,The Event log service was stopped.
Information,8.12.2016 г. 08:39:31 ч.,EventLog,6005,None,The Event log service was started.
Information,7.12.2016 г. 12:27:11 ч.,EventLog,6006,None,The Event log service was stopped.
Information,7.12.2016 г. 09:12:29 ч.,EventLog,6005,None,The Event log service was started.
Information,6.12.2016 г. 09:38:59 ч.,EventLog,6005,None,The Event log service was started.
Information,6.12.2016 г. 09:36:05 ч.,EventLog,6005,None,The Event log service was started.
Information,5.12.2016 г. 12:16:18 ч.,EventLog,6006,None,The Event log service was stopped.
Information,5.12.2016 г. 08:25:36 ч.,EventLog,6005,None,The Event log service was started.
Information,4.12.2016 г. 12:15:29 ч.,EventLog,6006,None,The Event log service was stopped.
Information,4.12.2016 г. 11:12:39 ч.,EventLog,6005,None,The Event log service was started.
Information,4.12.2016 г. 10:38:15 ч.,EventLog,6005,None,The Event log service was started.
Information,4.12.2016 г. 10:35:53 ч.,EventLog,6005,None,The Event log service was started.
Information,2.12.2016 г. 14:10:55 ч.,EventLog,6006,None,The Event log service was stopped.
Information,2.12.2016 г. 14:05:49 ч.,EventLog,6005,None,The Event log service was started.
Information,2.12.2016 г. 13:22:59 ч.,EventLog,6006,None,The Event log service was stopped.
Information,2.12.2016 г. 08:56:15 ч.,EventLog,6005,None,The Event log service was started.
Information,1.12.2016 г. 15:30:16 ч.,EventLog,6005,None,The Event log service was started.
Information,1.12.2016 г. 12:46:06 ч.,EventLog,6006,None,The Event log service was stopped.
Information,1.12.2016 г. 08:19:02 ч.,EventLog,6005,None,The Event log service was started.
Information,1.12.2016 г. 08:17:34 ч.,EventLog,6005,None,The Event log service was started.
Information,30.11.2016 г. 19:06:02 ч.,EventLog,6006,None,The Event log service was stopped.
Information,30.11.2016 г. 18:23:05 ч.,EventLog,6005,None,The Event log service was started.
Information,30.11.2016 г. 13:01:15 ч.,EventLog,6006,None,The Event log service was stopped.
Information,30.11.2016 г. 09:33:17 ч.,EventLog,6005,None,The Event log service was started.
Information,30.11.2016 г. 08:46:09 ч.,EventLog,6005,None,The Event log service was started.
Information,30.11.2016 г. 00:12:54 ч.,EventLog,6006,None,The Event log service was stopped.
Information,29.11.2016 г. 22:51:47 ч.,EventLog,6005,None,The Event log service was started.
Information,29.11.2016 г. 22:41:18 ч.,EventLog,6005,None,The Event log service was started.
Information,29.11.2016 г. 17:18:36 ч.,EventLog,6006,None,The Event log service was stopped.
Information,29.11.2016 г. 14:58:21 ч.,EventLog,6005,None,The Event log service was started.
Information,29.11.2016 г. 12:36:44 ч.,EventLog,6006,None,The Event log service was stopped.
Information,29.11.2016 г. 08:12:16 ч.,EventLog,6005,None,The Event log service was started.
Information,28.11.2016 г. 12:06:48 ч.,EventLog,6006,None,The Event log service was stopped.
Information,28.11.2016 г. 08:38:54 ч.,EventLog,6005,None,The Event log service was started.
Information,27.11.2016 г. 11:25:40 ч.,EventLog,6006,None,The Event log service was stopped.
Information,27.11.2016 г. 11:13:11 ч.,EventLog,6005,None,The Event log service was started.
Information,27.11.2016 г. 11:11:56 ч.,EventLog,6005,None,The Event log service was started.
Information,25.11.2016 г. 23:54:58 ч.,EventLog,6006,None,The Event log service was stopped.
Information,25.11.2016 г. 23:51:58 ч.,EventLog,6005,None,The Event log service was started.
Information,25.11.2016 г. 11:55:52 ч.,EventLog,6006,None,The Event log service was stopped.
Information,25.11.2016 г. 08:25:43 ч.,EventLog,6005,None,The Event log service was started.
Information,24.11.2016 г. 21:08:30 ч.,EventLog,6006,None,The Event log service was stopped.
Information,24.11.2016 г. 20:38:48 ч.,EventLog,6005,None,The Event log service was started.
Information,24.11.2016 г. 09:49:31 ч.,EventLog,6005,None,The Event log service was started.
Information,24.11.2016 г. 01:08:02 ч.,EventLog,6006,None,The Event log service was stopped.
Information,23.11.2016 г. 23:44:57 ч.,EventLog,6005,None,The Event log service was started.
Information,23.11.2016 г. 22:58:18 ч.,EventLog,6005,None,The Event log service was started.
Information,23.11.2016 г. 22:52:11 ч.,EventLog,6005,None,The Event log service was started.
Information,23.11.2016 г. 12:35:10 ч.,EventLog,6006,None,The Event log service was stopped.
Information,23.11.2016 г. 08:29:23 ч.,EventLog,6005,None,The Event log service was started.
Information,22.11.2016 г. 18:03:13 ч.,EventLog,6006,None,The Event log service was stopped.
Information,22.11.2016 г. 14:39:57 ч.,EventLog,6005,None,The Event log service was started.
Information,22.11.2016 г. 12:41:10 ч.,EventLog,6006,None,The Event log service was stopped.
Information,22.11.2016 г. 08:33:51 ч.,EventLog,6005,None,The Event log service was started.
Information,21.11.2016 г. 12:44:26 ч.,EventLog,6006,None,The Event log service was stopped.
Information,21.11.2016 г. 08:34:56 ч.,EventLog,6005,None,The Event log service was started.
Information,20.11.2016 г. 21:18:24 ч.,EventLog,6006,None,The Event log service was stopped.
Information,20.11.2016 г. 21:14:47 ч.,EventLog,6005,None,The Event log service was started.
Information,20.11.2016 г. 21:05:34 ч.,EventLog,6006,None,The Event log service was stopped.
Information,20.11.2016 г. 20:28:55 ч.,EventLog,6005,None,The Event log service was started.
Information,16.11.2016 г. 18:49:07 ч.,EventLog,6006,None,The Event log service was stopped.
Information,16.11.2016 г. 18:48:16 ч.,EventLog,6005,None,The Event log service was started.
Information,16.11.2016 г. 17:50:24 ч.,EventLog,6006,None,The Event log service was stopped.
Information,16.11.2016 г. 15:24:20 ч.,EventLog,6005,None,The Event log service was started.
Information,16.11.2016 г. 11:46:20 ч.,EventLog,6006,None,The Event log service was stopped.
Information,16.11.2016 г. 08:24:44 ч.,EventLog,6005,None,The Event log service was started.
Information,15.11.2016 г. 20:24:54 ч.,EventLog,6006,None,The Event log service was stopped.
Information,15.11.2016 г. 19:39:18 ч.,EventLog,6005,None,The Event log service was started.
Information,15.11.2016 г. 12:41:03 ч.,EventLog,6006,None,The Event log service was stopped.
Information,15.11.2016 г. 08:57:22 ч.,EventLog,6005,None,The Event log service was started.
Information,14.11.2016 г. 12:26:27 ч.,EventLog,6006,None,The Event log service was stopped.
Information,14.11.2016 г. 09:22:10 ч.,EventLog,6005,None,The Event log service was started.
Information,14.11.2016 г. 08:12:48 ч.,EventLog,6005,None,The Event log service was started.
Information,13.11.2016 г. 18:41:36 ч.,EventLog,6006,None,The Event log service was stopped.
Information,13.11.2016 г. 18:41:09 ч.,EventLog,6005,None,The Event log service was started.
Information,13.11.2016 г. 10:07:31 ч.,EventLog,6005,None,The Event log service was started.
Information,12.11.2016 г. 08:38:09 ч.,EventLog,6006,None,The Event log service was stopped.
Information,12.11.2016 г. 07:54:56 ч.,EventLog,6005,None,The Event log service was started.
Information,12.11.2016 г. 00:40:58 ч.,EventLog,6006,None,The Event log service was stopped.
Information,11.11.2016 г. 21:59:59 ч.,EventLog,6005,None,The Event log service was started.
Information,11.11.2016 г. 16:59:57 ч.,EventLog,6006,None,The Event log service was stopped.
Information,11.11.2016 г. 15:56:41 ч.,EventLog,6005,None,The Event log service was started.
Information,11.11.2016 г. 12:02:59 ч.,EventLog,6006,None,The Event log service was stopped.
Information,11.11.2016 г. 08:25:23 ч.,EventLog,6005,None,The Event log service was started.
Information,10.11.2016 г. 17:59:18 ч.,EventLog,6006,None,The Event log service was stopped.
Information,10.11.2016 г. 13:24:09 ч.,EventLog,6005,None,The Event log service was started.
Information,10.11.2016 г. 12:24:18 ч.,EventLog,6006,None,The Event log service was stopped.
Information,10.11.2016 г. 10:50:38 ч.,EventLog,6005,None,The Event log service was started.
Information,10.11.2016 г. 10:22:14 ч.,EventLog,6005,None,The Event log service was started.
Information,10.11.2016 г. 09:51:17 ч.,EventLog,6005,None,The Event log service was started.
Information,10.11.2016 г. 09:44:19 ч.,EventLog,6005,None,The Event log service was started.
Information,10.11.2016 г. 09:38:41 ч.,EventLog,6005,None,The Event log service was started.
Information,9.11.2016 г. 18:13:31 ч.,EventLog,6006,None,The Event log service was stopped.
Information,9.11.2016 г. 14:59:11 ч.,EventLog,6005,None,The Event log service was started.
Information,9.11.2016 г. 12:39:20 ч.,EventLog,6006,None,The Event log service was stopped.
Information,9.11.2016 г. 08:24:49 ч.,EventLog,6005,None,The Event log service was started.
Information,8.11.2016 г. 11:52:19 ч.,EventLog,6006,None,The Event log service was stopped.
Information,8.11.2016 г. 08:37:43 ч.,EventLog,6005,None,The Event log service was started.
Information,7.11.2016 г. 11:37:35 ч.,EventLog,6006,None,The Event log service was stopped.
Information,7.11.2016 г. 08:33:08 ч.,EventLog,6005,None,The Event log service was started.
Information,7.11.2016 г. 08:26:31 ч.,EventLog,6005,None,The Event log service was started.
Information,4.11.2016 г. 11:24:23 ч.,EventLog,6006,None,The Event log service was stopped.
Information,4.11.2016 г. 08:23:18 ч.,EventLog,6005,None,The Event log service was started.
Information,2.11.2016 г. 10:35:34 ч.,EventLog,6006,None,The Event log service was stopped.
Information,2.11.2016 г. 10:33:12 ч.,EventLog,6005,None,The Event log service was started.
Information,31.10.2016 г. 08:11:21 ч.,EventLog,6005,None,The Event log service was started.
Information,31.10.2016 г. 08:05:20 ч.,EventLog,6005,None,The Event log service was started.
Information,29.10.2016 г. 20:56:49 ч.,EventLog,6006,None,The Event log service was stopped.
Information,29.10.2016 г. 20:43:40 ч.,EventLog,6005,None,The Event log service was started.
Information,27.10.2016 г. 11:16:54 ч.,EventLog,6006,None,The Event log service was stopped.
Information,27.10.2016 г. 09:31:24 ч.,EventLog,6005,None,The Event log service was started.
Information,25.10.2016 г. 11:17:11 ч.,EventLog,6006,None,The Event log service was stopped.
Information,25.10.2016 г. 09:23:23 ч.,EventLog,6005,None,The Event log service was started.
Information,24.10.2016 г. 10:59:54 ч.,EventLog,6006,None,The Event log service was stopped.
Information,24.10.2016 г. 09:28:14 ч.,EventLog,6005,None,The Event log service was started.
Information,20.10.2016 г. 17:10:26 ч.,EventLog,6006,None,The Event log service was stopped.
Information,20.10.2016 г. 16:08:58 ч.,EventLog,6005,None,The Event log service was started.
Information,20.10.2016 г. 12:12:02 ч.,EventLog,6006,None,The Event log service was stopped.
Information,20.10.2016 г. 11:00:20 ч.,EventLog,6005,None,The Event log service was started.
Information,19.10.2016 г. 12:17:54 ч.,EventLog,6006,None,The Event log service was stopped.
Information,19.10.2016 г. 09:17:22 ч.,EventLog,6005,None,The Event log service was started.
Information,4.10.2016 г. 19:50:02 ч.,EventLog,6005,None,The Event log service was started.
Information,25.9.2016 г. 01:54:11 ч.,EventLog,6006,None,The Event log service was stopped.
Information,25.9.2016 г. 00:01:54 ч.,EventLog,6005,None,The Event log service was started.
Information,23.9.2016 г. 23:53:11 ч.,EventLog,6006,None,The Event log service was stopped.
Information,23.9.2016 г. 12:49:23 ч.,EventLog,6005,None,The Event log service was started.
Information,23.9.2016 г. 00:17:25 ч.,EventLog,6006,None,The Event log service was stopped.
Information,22.9.2016 г. 23:59:04 ч.,EventLog,6005,None,The Event log service was started.
Information,22.9.2016 г. 22:33:27 ч.,EventLog,6005,None,The Event log service was started.
Information,22.9.2016 г. 22:30:51 ч.,EventLog,6005,None,The Event log service was started.
Information,21.9.2016 г. 13:17:20 ч.,EventLog,6006,None,The Event log service was stopped.
Information,21.9.2016 г. 12:24:18 ч.,EventLog,6005,None,The Event log service was started.
Information,21.9.2016 г. 11:52:53 ч.,EventLog,6006,None,The Event log service was stopped.
Information,21.9.2016 г. 10:23:23 ч.,EventLog,6005,None,The Event log service was started.
Information,21.9.2016 г. 01:05:17 ч.,EventLog,6006,None,The Event log service was stopped.
Information,20.9.2016 г. 17:49:35 ч.,EventLog,6005,None,The Event log service was started.
Information,20.9.2016 г. 13:32:37 ч.,EventLog,6005,None,The Event log service was started.
Information,20.9.2016 г. 09:52:08 ч.,EventLog,6005,None,The Event log service was started.
Information,19.9.2016 г. 11:41:17 ч.,EventLog,6006,None,The Event log service was stopped.
Information,19.9.2016 г. 09:53:58 ч.,EventLog,6005,None,The Event log service was started.
Information,16.9.2016 г. 13:21:43 ч.,EventLog,6006,None,The Event log service was stopped.
Information,16.9.2016 г. 09:20:32 ч.,EventLog,6005,None,The Event log service was started.
Information,15.9.2016 г. 11:39:35 ч.,EventLog,6006,None,The Event log service was stopped.
Information,15.9.2016 г. 09:32:27 ч.,EventLog,6005,None,The Event log service was started.
Information,14.9.2016 г. 20:38:55 ч.,EventLog,6006,None,The Event log service was stopped.
Information,14.9.2016 г. 20:37:03 ч.,EventLog,6005,None,The Event log service was started.
Information,14.9.2016 г. 20:31:44 ч.,EventLog,6005,None,The Event log service was started.
Information,14.9.2016 г. 11:15:57 ч.,EventLog,6006,None,The Event log service was stopped.
Information,14.9.2016 г. 09:20:40 ч.,EventLog,6005,None,The Event log service was started.
Information,14.9.2016 г. 00:07:56 ч.,EventLog,6006,None,The Event log service was stopped.
Information,13.9.2016 г. 22:58:18 ч.,EventLog,6005,None,The Event log service was started.
Information,13.9.2016 г. 13:03:47 ч.,EventLog,6006,None,The Event log service was stopped.
Information,13.9.2016 г. 10:40:27 ч.,EventLog,6005,None,The Event log service was started.
Information,13.9.2016 г. 07:54:21 ч.,EventLog,6005,None,The Event log service was started.
Information,12.9.2016 г. 19:22:41 ч.,EventLog,6006,None,The Event log service was stopped.
Information,12.9.2016 г. 17:13:49 ч.,EventLog,6005,None,The Event log service was started.
Information,11.9.2016 г. 19:07:23 ч.,EventLog,6006,None,The Event log service was stopped.
Information,11.9.2016 г. 19:04:59 ч.,EventLog,6005,None,The Event log service was started.
Information,11.9.2016 г. 19:03:52 ч.,EventLog,6006,None,The Event log service was stopped.
Information,11.9.2016 г. 09:45:31 ч.,EventLog,6005,None,The Event log service was started.
Information,29.8.2016 г. 18:12:17 ч.,EventLog,6006,None,The Event log service was stopped.
Information,29.8.2016 г. 13:01:10 ч.,EventLog,6005,None,The Event log service was started.
Information,29.8.2016 г. 09:57:08 ч.,EventLog,6006,None,The Event log service was stopped.
Information,29.8.2016 г. 09:48:27 ч.,EventLog,6005,None,The Event log service was started.
Information,28.8.2016 г. 19:03:03 ч.,EventLog,6006,None,The Event log service was stopped.
Information,28.8.2016 г. 11:49:29 ч.,EventLog,6005,None,The Event log service was started.
Information,26.8.2016 г. 18:17:54 ч.,EventLog,6006,None,The Event log service was stopped.
Information,26.8.2016 г. 12:28:33 ч.,EventLog,6005,None,The Event log service was started.
Information,25.8.2016 г. 17:53:23 ч.,EventLog,6006,None,The Event log service was stopped.
Information,25.8.2016 г. 13:42:30 ч.,EventLog,6005,None,The Event log service was started.
Information,23.8.2016 г. 10:53:08 ч.,EventLog,6006,None,The Event log service was stopped.
Information,23.8.2016 г. 10:09:38 ч.,EventLog,6005,None,The Event log service was started.
Information,23.8.2016 г. 00:55:33 ч.,EventLog,6006,None,The Event log service was stopped.
Information,22.8.2016 г. 19:34:46 ч.,EventLog,6005,None,The Event log service was started.
Information,22.8.2016 г. 19:34:05 ч.,EventLog,6006,None,The Event log service was stopped.
Information,22.8.2016 г. 19:14:11 ч.,EventLog,6005,None,The Event log service was started.
Information,22.8.2016 г. 19:13:29 ч.,EventLog,6006,None,The Event log service was stopped.
Information,22.8.2016 г. 17:53:23 ч.,EventLog,6005,None,The Event log service was started.
Information,18.8.2016 г. 13:14:28 ч.,EventLog,6006,None,The Event log service was stopped.
Information,18.8.2016 г. 10:37:43 ч.,EventLog,6005,None,The Event log service was started.
Information,17.8.2016 г. 23:20:20 ч.,EventLog,6006,None,The Event log service was stopped.
Information,17.8.2016 г. 19:49:18 ч.,EventLog,6005,None,The Event log service was started.
Information,17.8.2016 г. 11:18:19 ч.,EventLog,6006,None,The Event log service was stopped.
Information,17.8.2016 г. 10:06:12 ч.,EventLog,6005,None,The Event log service was started.
Information,16.8.2016 г. 18:22:03 ч.,EventLog,6005,None,The Event log service was started.
Information,16.8.2016 г. 18:20:07 ч.,EventLog,6005,None,The Event log service was started.
Information,15.8.2016 г. 17:56:14 ч.,EventLog,6006,None,The Event log service was stopped.
Information,15.8.2016 г. 16:34:50 ч.,EventLog,6005,None,The Event log service was started.
Information,14.8.2016 г. 17:30:45 ч.,EventLog,6006,None,The Event log service was stopped.
Information,14.8.2016 г. 16:07:31 ч.,EventLog,6005,None,The Event log service was started.
Information,14.8.2016 г. 15:38:23 ч.,EventLog,6005,None,The Event log service was started.
Information,13.8.2016 г. 16:37:23 ч.,EventLog,6006,None,The Event log service was stopped.
Information,13.8.2016 г. 11:03:04 ч.,EventLog,6005,None,The Event log service was started.
Information,12.8.2016 г. 11:02:43 ч.,EventLog,6006,None,The Event log service was stopped.
Information,12.8.2016 г. 10:43:46 ч.,EventLog,6005,None,The Event log service was started.
Information,9.8.2016 г. 11:10:52 ч.,EventLog,6006,None,The Event log service was stopped.
Information,9.8.2016 г. 10:25:50 ч.,EventLog,6005,None,The Event log service was started.
Information,7.8.2016 г. 20:47:01 ч.,EventLog,6006,None,The Event log service was stopped.
Information,7.8.2016 г. 18:29:28 ч.,EventLog,6005,None,The Event log service was started.
Information,5.8.2016 г. 02:18:43 ч.,EventLog,6006,None,The Event log service was stopped.
Information,5.8.2016 г. 00:23:16 ч.,EventLog,6005,None,The Event log service was started.
Information,4.8.2016 г. 16:37:14 ч.,EventLog,6006,None,The Event log service was stopped.
Information,4.8.2016 г. 16:18:46 ч.,EventLog,6005,None,The Event log service was started.
Information,4.8.2016 г. 01:50:08 ч.,EventLog,6006,None,The Event log service was stopped.
Information,3.8.2016 г. 23:50:14 ч.,EventLog,6005,None,The Event log service was started.
Information,3.8.2016 г. 23:04:27 ч.,EventLog,6005,None,The Event log service was started.
Information,3.8.2016 г. 22:42:51 ч.,EventLog,6005,None,The Event log service was started.
Information,3.8.2016 г. 11:39:48 ч.,EventLog,6006,None,The Event log service was stopped.
Information,3.8.2016 г. 10:16:34 ч.,EventLog,6005,None,The Event log service was started.
Information,3.8.2016 г. 01:25:36 ч.,EventLog,6006,None,The Event log service was stopped.
Information,2.8.2016 г. 23:49:36 ч.,EventLog,6005,None,The Event log service was started.
Information,2.8.2016 г. 01:39:16 ч.,EventLog,6006,None,The Event log service was stopped.
Information,2.8.2016 г. 00:17:59 ч.,EventLog,6005,None,The Event log service was started.
Information,1.8.2016 г. 01:26:13 ч.,EventLog,6006,None,The Event log service was stopped.
Information,1.8.2016 г. 00:39:01 ч.,EventLog,6005,None,The Event log service was started.
Information,31.7.2016 г. 23:17:19 ч.,EventLog,6005,None,The Event log service was started.
Information,29.7.2016 г. 12:09:03 ч.,EventLog,6006,None,The Event log service was stopped.
Information,29.7.2016 г. 10:54:05 ч.,EventLog,6005,None,The Event log service was started.
Information,28.7.2016 г. 20:02:54 ч.,EventLog,6006,None,The Event log service was stopped.
Information,28.7.2016 г. 14:03:01 ч.,EventLog,6005,None,The Event log service was started.
Information,28.7.2016 г. 11:36:24 ч.,EventLog,6006,None,The Event log service was stopped.
Information,28.7.2016 г. 11:23:33 ч.,EventLog,6005,None,The Event log service was started.
Information,28.7.2016 г. 11:23:01 ч.,EventLog,6006,None,The Event log service was stopped.
Information,28.7.2016 г. 11:19:54 ч.,EventLog,6005,None,The Event log service was started.
Information,28.7.2016 г. 11:17:52 ч.,EventLog,6005,None,The Event log service was started.
Information,27.7.2016 г. 19:18:31 ч.,EventLog,6006,None,The Event log service was stopped.
Information,27.7.2016 г. 15:13:41 ч.,EventLog,6005,None,The Event log service was started.
Information,27.7.2016 г. 00:59:38 ч.,EventLog,6006,None,The Event log service was stopped.
Information,27.7.2016 г. 00:20:09 ч.,EventLog,6005,None,The Event log service was started.
Information,26.7.2016 г. 20:57:18 ч.,EventLog,6006,None,The Event log service was stopped.
Information,26.7.2016 г. 18:29:37 ч.,EventLog,6005,None,The Event log service was started.
Information,26.7.2016 г. 02:15:13 ч.,EventLog,6006,None,The Event log service was stopped.
Information,26.7.2016 г. 00:31:43 ч.,EventLog,6005,None,The Event log service was started.
Information,25.7.2016 г. 01:04:50 ч.,EventLog,6005,None,The Event log service was started.
Information,25.7.2016 г. 00:15:00 ч.,EventLog,6006,None,The Event log service was stopped.
Information,25.7.2016 г. 00:12:36 ч.,EventLog,6005,None,The Event log service was started.
Information,25.7.2016 г. 00:11:56 ч.,EventLog,6006,None,The Event log service was stopped.
Information,25.7.2016 г. 00:07:13 ч.,EventLog,6005,None,The Event log service was started.
Information,24.7.2016 г. 20:09:41 ч.,EventLog,6006,None,The Event log service was stopped.
Information,24.7.2016 г. 13:28:50 ч.,EventLog,6005,None,The Event log service was started.
Information,24.7.2016 г. 13:24:37 ч.,EventLog,6005,None,The Event log service was started.
Information,24.7.2016 г. 03:07:39 ч.,EventLog,6006,None,The Event log service was stopped.
Information,24.7.2016 г. 03:06:21 ч.,EventLog,6005,None,The Event log service was started.
Information,23.7.2016 г. 21:56:00 ч.,EventLog,6005,None,The Event log service was started.
Information,23.7.2016 г. 21:09:56 ч.,EventLog,6006,None,The Event log service was stopped.
Information,23.7.2016 г. 14:49:04 ч.,EventLog,6005,None,The Event log service was started.
Information,23.7.2016 г. 11:34:25 ч.,EventLog,6006,None,The Event log service was stopped.
Information,23.7.2016 г. 10:33:49 ч.,EventLog,6005,None,The Event log service was started.
Information,22.7.2016 г. 20:51:57 ч.,EventLog,6006,None,The Event log service was stopped.
Information,22.7.2016 г. 11:07:58 ч.,EventLog,6005,None,The Event log service was started.
Information,22.7.2016 г. 11:07:21 ч.,EventLog,6006,None,The Event log service was stopped.
Information,22.7.2016 г. 10:32:15 ч.,EventLog,6005,None,The Event log service was started.
Information,21.7.2016 г. 21:47:21 ч.,EventLog,6006,None,The Event log service was stopped.
Information,21.7.2016 г. 20:23:05 ч.,EventLog,6005,None,The Event log service was started.
Information,21.7.2016 г. 16:58:17 ч.,EventLog,6006,None,The Event log service was stopped.
Information,21.7.2016 г. 11:25:19 ч.,EventLog,6005,None,The Event log service was started.
Information,20.7.2016 г. 14:40:31 ч.,EventLog,6006,None,The Event log service was stopped.
Information,20.7.2016 г. 12:25:13 ч.,EventLog,6005,None,The Event log service was started.
Information,16.7.2016 г. 11:09:29 ч.,EventLog,6006,None,The Event log service was stopped.
Information,16.7.2016 г. 10:17:59 ч.,EventLog,6005,None,The Event log service was started.
Information,16.7.2016 г. 01:36:26 ч.,EventLog,6006,None,The Event log service was stopped.
Information,16.7.2016 г. 00:06:32 ч.,EventLog,6005,None,The Event log service was started.
Information,16.7.2016 г. 00:05:48 ч.,EventLog,6006,None,The Event log service was stopped.
Information,15.7.2016 г. 23:14:01 ч.,EventLog,6005,None,The Event log service was started.
Information,15.7.2016 г. 02:21:17 ч.,EventLog,6006,None,The Event log service was stopped.
Information,15.7.2016 г. 00:06:57 ч.,EventLog,6005,None,The Event log service was started.
Information,14.7.2016 г. 02:16:06 ч.,EventLog,6006,None,The Event log service was stopped.
Information,14.7.2016 г. 01:01:49 ч.,EventLog,6005,None,The Event log service was started.
Information,13.7.2016 г. 01:55:14 ч.,EventLog,6006,None,The Event log service was stopped.
Information,13.7.2016 г. 00:20:28 ч.,EventLog,6005,None,The Event log service was started.
Information,12.7.2016 г. 02:24:23 ч.,EventLog,6006,None,The Event log service was stopped.
Information,12.7.2016 г. 00:57:00 ч.,EventLog,6005,None,The Event log service was started.
Information,12.7.2016 г. 00:20:42 ч.,EventLog,6005,None,The Event log service was started.
Information,11.7.2016 г. 02:35:28 ч.,EventLog,6006,None,The Event log service was stopped.
Information,11.7.2016 г. 01:03:59 ч.,EventLog,6005,None,The Event log service was started.
Information,10.7.2016 г. 14:59:29 ч.,EventLog,6006,None,The Event log service was stopped.
Information,10.7.2016 г. 13:38:25 ч.,EventLog,6005,None,The Event log service was started.
Information,10.7.2016 г. 01:32:43 ч.,EventLog,6006,None,The Event log service was stopped.
Information,9.7.2016 г. 23:53:19 ч.,EventLog,6005,None,The Event log service was started.
Information,9.7.2016 г. 23:05:19 ч.,EventLog,6005,None,The Event log service was started.
Information,9.7.2016 г. 22:27:20 ч.,EventLog,6005,None,The Event log service was started.
Information,9.7.2016 г. 00:50:48 ч.,EventLog,6005,None,The Event log service was started.
Information,9.7.2016 г. 00:36:27 ч.,EventLog,6005,None,The Event log service was started.
Information,7.7.2016 г. 23:58:44 ч.,EventLog,6005,None,The Event log service was started.
Information,7.7.2016 г. 02:06:45 ч.,EventLog,6006,None,The Event log service was stopped.
Information,6.7.2016 г. 23:38:38 ч.,EventLog,6005,None,The Event log service was started.
Information,6.7.2016 г. 03:22:30 ч.,EventLog,6006,None,The Event log service was stopped.
Information,6.7.2016 г. 02:09:57 ч.,EventLog,6005,None,The Event log service was started.
Information,5.7.2016 г. 00:44:37 ч.,EventLog,6006,None,The Event log service was stopped.
Information,4.7.2016 г. 23:33:42 ч.,EventLog,6005,None,The Event log service was started.
Information,2.7.2016 г. 20:42:45 ч.,EventLog,6006,None,The Event log service was stopped.
Information,2.7.2016 г. 18:31:02 ч.,EventLog,6005,None,The Event log service was started.
Information,1.7.2016 г. 10:42:03 ч.,EventLog,6006,None,The Event log service was stopped.
Information,1.7.2016 г. 08:22:31 ч.,EventLog,6005,None,The Event log service was started.
Information,30.6.2016 г. 14:03:16 ч.,EventLog,6006,None,The Event log service was stopped.
Information,30.6.2016 г. 10:56:31 ч.,EventLog,6005,None,The Event log service was started.
Information,10.6.2016 г. 21:20:45 ч.,EventLog,6006,None,The Event log service was stopped.
Information,10.6.2016 г. 21:06:32 ч.,EventLog,6005,None,The Event log service was started.
Information,10.6.2016 г. 21:04:25 ч.,EventLog,6005,None,The Event log service was started.
Information,8.6.2016 г. 10:10:36 ч.,EventLog,6006,None,The Event log service was stopped.
Information,8.6.2016 г. 09:23:00 ч.,EventLog,6005,None,The Event log service was started.
Information,7.6.2016 г. 10:41:02 ч.,EventLog,6006,None,The Event log service was stopped.
Information,7.6.2016 г. 09:09:40 ч.,EventLog,6005,None,The Event log service was started.
Information,6.6.2016 г. 10:24:51 ч.,EventLog,6006,None,The Event log service was stopped.
Information,6.6.2016 г. 09:05:54 ч.,EventLog,6005,None,The Event log service was started.
Information,3.6.2016 г. 10:15:59 ч.,EventLog,6006,None,The Event log service was stopped.
Information,3.6.2016 г. 09:03:24 ч.,EventLog,6005,None,The Event log service was started.
Information,28.5.2016 г. 17:11:31 ч.,EventLog,6006,None,The Event log service was stopped.
Information,28.5.2016 г. 15:38:40 ч.,EventLog,6005,None,The Event log service was started.
Information,26.5.2016 г. 10:04:36 ч.,EventLog,6006,None,The Event log service was stopped.
Information,26.5.2016 г. 09:10:25 ч.,EventLog,6005,None,The Event log service was started.
Information,25.5.2016 г. 16:11:27 ч.,EventLog,6006,None,The Event log service was stopped.
Information,25.5.2016 г. 16:09:16 ч.,EventLog,6005,None,The Event log service was started.
Information,20.5.2016 г. 10:28:05 ч.,EventLog,6006,None,The Event log service was stopped.
Information,20.5.2016 г. 09:13:42 ч.,EventLog,6005,None,The Event log service was started.
Information,22.4.2016 г. 10:53:59 ч.,EventLog,6006,None,The Event log service was stopped.
Information,22.4.2016 г. 09:04:47 ч.,EventLog,6005,None,The Event log service was started.
Information,21.4.2016 г. 10:52:19 ч.,EventLog,6006,None,The Event log service was stopped.
Information,21.4.2016 г. 10:40:11 ч.,EventLog,6005,None,The Event log service was started.
Information,21.4.2016 г. 10:14:39 ч.,EventLog,6005,None,The Event log service was started.
Information,20.4.2016 г. 10:36:58 ч.,EventLog,6006,None,The Event log service was stopped.
Information,20.4.2016 г. 09:57:10 ч.,EventLog,6005,None,The Event log service was started.
Information,18.4.2016 г. 10:32:39 ч.,EventLog,6006,None,The Event log service was stopped.
Information,18.4.2016 г. 09:49:04 ч.,EventLog,6005,None,The Event log service was started.
Information,17.4.2016 г. 13:18:20 ч.,EventLog,6006,None,The Event log service was stopped.
Information,17.4.2016 г. 08:45:44 ч.,EventLog,6005,None,The Event log service was started.
Information,16.4.2016 г. 20:11:42 ч.,EventLog,6006,None,The Event log service was stopped.
Information,16.4.2016 г. 13:23:53 ч.,EventLog,6005,None,The Event log service was started.
Information,13.4.2016 г. 21:24:59 ч.,EventLog,6006,None,The Event log service was stopped.
Information,13.4.2016 г. 20:27:43 ч.,EventLog,6005,None,The Event log service was started.
Information,13.4.2016 г. 00:10:42 ч.,EventLog,6006,None,The Event log service was stopped.
Information,12.4.2016 г. 20:43:30 ч.,EventLog,6005,None,The Event log service was started.
Information,12.4.2016 г. 00:51:52 ч.,EventLog,6006,None,The Event log service was stopped.
Information,11.4.2016 г. 23:21:45 ч.,EventLog,6005,None,The Event log service was started.
Information,10.4.2016 г. 20:15:22 ч.,EventLog,6006,None,The Event log service was stopped.
Information,10.4.2016 г. 19:56:54 ч.,EventLog,6005,None,The Event log service was started.
Information,10.4.2016 г. 19:40:03 ч.,EventLog,6006,None,The Event log service was stopped.
Information,10.4.2016 г. 19:38:01 ч.,EventLog,6005,None,The Event log service was started.
Information,10.4.2016 г. 19:35:03 ч.,EventLog,6006,None,The Event log service was stopped.
Information,10.4.2016 г. 18:11:09 ч.,EventLog,6005,None,The Event log service was started.
Information,8.4.2016 г. 00:25:24 ч.,EventLog,6006,None,The Event log service was stopped.
Information,7.4.2016 г. 22:40:23 ч.,EventLog,6005,None,The Event log service was started.
Information,1.4.2016 г. 03:13:24 ч.,EventLog,6006,None,The Event log service was stopped.
Information,31.3.2016 г. 23:29:40 ч.,EventLog,6005,None,The Event log service was started.
Information,24.3.2016 г. 11:34:07 ч.,EventLog,6006,None,The Event log service was stopped.
Information,24.3.2016 г. 11:32:10 ч.,EventLog,6005,None,The Event log service was started.
Information,24.3.2016 г. 10:43:31 ч.,EventLog,6005,None,The Event log service was started.
Information,24.3.2016 г. 10:40:48 ч.,EventLog,6005,None,The Event log service was started.
Information,15.3.2016 г. 23:35:23 ч.,EventLog,6006,None,The Event log service was stopped.
Information,15.3.2016 г. 23:06:51 ч.,EventLog,6005,None,The Event log service was started.
Information,15.3.2016 г. 23:00:52 ч.,EventLog,6005,None,The Event log service was started.
Information,13.3.2016 г. 18:17:51 ч.,EventLog,6005,None,The Event log service was started.
Information,13.3.2016 г. 17:58:49 ч.,EventLog,6005,None,The Event log service was started.
Information,13.3.2016 г. 14:59:51 ч.,EventLog,6006,None,The Event log service was stopped.
Information,13.3.2016 г. 14:52:03 ч.,EventLog,6005,None,The Event log service was started.
Information,13.3.2016 г. 14:50:19 ч.,EventLog,6005,None,The Event log service was started.
Information,13.3.2016 г. 14:43:28 ч.,EventLog,6005,None,The Event log service was started.
Information,13.3.2016 г. 14:40:14 ч.,EventLog,6005,None,The Event log service was started.
Information,13.3.2016 г. 14:37:32 ч.,EventLog,6005,None,The Event log service was started.
Information,13.3.2016 г. 00:12:59 ч.,EventLog,6006,None,The Event log service was stopped.
Information,12.3.2016 г. 22:15:20 ч.,EventLog,6005,None,The Event log service was started.
Information,11.3.2016 г. 00:52:52 ч.,EventLog,6005,None,The Event log service was started.
Information,11.3.2016 г. 00:51:54 ч.,EventLog,6006,None,The Event log service was stopped.
Information,10.3.2016 г. 23:56:17 ч.,EventLog,6005,None,The Event log service was started.
Information,10.3.2016 г. 22:12:20 ч.,EventLog,6006,None,The Event log service was stopped.
Information,10.3.2016 г. 22:09:08 ч.,EventLog,6005,None,The Event log service was started.
Information,10.3.2016 г. 22:08:21 ч.,EventLog,6006,None,The Event log service was stopped.
Information,10.3.2016 г. 21:58:24 ч.,EventLog,6005,None,The Event log service was started.
Information,10.3.2016 г. 21:56:48 ч.,EventLog,6005,None,The Event log service was started.
Information,10.3.2016 г. 01:43:03 ч.,EventLog,6006,None,The Event log service was stopped.
Information,10.3.2016 г. 01:03:27 ч.,EventLog,6005,None,The Event log service was started.
Information,9.3.2016 г. 23:00:35 ч.,EventLog,6005,None,The Event log service was started.
Information,9.3.2016 г. 22:53:18 ч.,EventLog,6005,None,The Event log service was started.
Information,9.3.2016 г. 15:39:39 ч.,EventLog,6006,None,The Event log service was stopped.
Information,9.3.2016 г. 15:35:29 ч.,EventLog,6005,None,The Event log service was started.
Information,9.3.2016 г. 10:30:48 ч.,EventLog,6006,None,The Event log service was stopped.
Information,9.3.2016 г. 10:26:59 ч.,EventLog,6005,None,The Event log service was started.
Information,9.3.2016 г. 01:10:29 ч.,EventLog,6006,None,The Event log service was stopped.
Information,9.3.2016 г. 00:27:20 ч.,EventLog,6005,None,The Event log service was started.
Information,8.3.2016 г. 10:46:16 ч.,EventLog,6006,None,The Event log service was stopped.
Information,8.3.2016 г. 08:52:34 ч.,EventLog,6005,None,The Event log service was started.
Information,7.3.2016 г. 23:50:38 ч.,EventLog,6006,None,The Event log service was stopped.
Information,7.3.2016 г. 23:05:21 ч.,EventLog,6005,None,The Event log service was started.
Information,7.3.2016 г. 10:16:09 ч.,EventLog,6006,None,The Event log service was stopped.
Information,7.3.2016 г. 10:07:43 ч.,EventLog,6005,None,The Event log service was started.
Information,7.3.2016 г. 09:26:19 ч.,EventLog,6006,None,The Event log service was stopped.
Information,7.3.2016 г. 08:57:15 ч.,EventLog,6005,None,The Event log service was started.
Information,7.3.2016 г. 02:19:13 ч.,EventLog,6006,None,The Event log service was stopped.
Information,7.3.2016 г. 01:01:52 ч.,EventLog,6005,None,The Event log service was started.
Information,7.3.2016 г. 00:42:32 ч.,EventLog,6005,None,The Event log service was started.
Information,6.3.2016 г. 13:01:24 ч.,EventLog,6006,None,The Event log service was stopped.
Information,6.3.2016 г. 11:29:14 ч.,EventLog,6005,None,The Event log service was started.
Information,6.3.2016 г. 09:15:40 ч.,EventLog,6005,None,The Event log service was started.
Information,6.3.2016 г. 03:03:10 ч.,EventLog,6006,None,The Event log service was stopped.
Information,6.3.2016 г. 01:36:49 ч.,EventLog,6005,None,The Event log service was started.
Information,6.3.2016 г. 01:35:43 ч.,EventLog,6006,None,The Event log service was stopped.
Information,5.3.2016 г. 23:18:23 ч.,EventLog,6005,None,The Event log service was started.
Information,5.3.2016 г. 00:28:21 ч.,EventLog,6006,None,The Event log service was stopped.
Information,4.3.2016 г. 23:45:46 ч.,EventLog,6005,None,The Event log service was started.
Information,3.3.2016 г. 00:45:07 ч.,EventLog,6006,None,The Event log service was stopped.
Information,2.3.2016 г. 22:27:32 ч.,EventLog,6005,None,The Event log service was started.
Information,2.3.2016 г. 09:34:41 ч.,EventLog,6006,None,The Event log service was stopped.
Information,2.3.2016 г. 09:28:56 ч.,EventLog,6005,None,The Event log service was started.
Information,2.3.2016 г. 00:47:26 ч.,EventLog,6006,None,The Event log service was stopped.
Information,1.3.2016 г. 23:58:43 ч.,EventLog,6005,None,The Event log service was started.
Information,1.3.2016 г. 22:06:08 ч.,EventLog,6006,None,The Event log service was stopped.
Information,1.3.2016 г. 21:42:45 ч.,EventLog,6005,None,The Event log service was started.
Information,1.3.2016 г. 21:14:58 ч.,EventLog,6005,None,The Event log service was started.
Information,1.3.2016 г. 20:43:53 ч.,EventLog,6005,None,The Event log service was started.
Information,1.3.2016 г. 20:31:01 ч.,EventLog,6005,None,The Event log service was started.
Information,27.2.2016 г. 17:28:14 ч.,EventLog,6006,None,The Event log service was stopped.
Information,27.2.2016 г. 17:19:56 ч.,EventLog,6005,None,The Event log service was started.
Information,27.2.2016 г. 11:26:52 ч.,EventLog,6006,None,The Event log service was stopped.
Information,27.2.2016 г. 11:17:57 ч.,EventLog,6005,None,The Event log service was started.
Information,27.2.2016 г. 02:07:43 ч.,EventLog,6006,None,The Event log service was stopped.
Information,26.2.2016 г. 23:56:04 ч.,EventLog,6005,None,The Event log service was started.
Information,26.2.2016 г. 01:26:22 ч.,EventLog,6006,None,The Event log service was stopped.
Information,26.2.2016 г. 00:03:31 ч.,EventLog,6005,None,The Event log service was started.
Information,25.2.2016 г. 22:40:02 ч.,EventLog,6006,None,The Event log service was stopped.
Information,25.2.2016 г. 22:29:38 ч.,EventLog,6005,None,The Event log service was started.
Information,25.2.2016 г. 01:28:38 ч.,EventLog,6006,None,The Event log service was stopped.
Information,25.2.2016 г. 00:00:57 ч.,EventLog,6005,None,The Event log service was started.
Information,24.2.2016 г. 15:09:36 ч.,EventLog,6006,None,The Event log service was stopped.
Information,24.2.2016 г. 14:11:00 ч.,EventLog,6005,None,The Event log service was started.
Information,24.2.2016 г. 14:04:50 ч.,EventLog,6005,None,The Event log service was started.
Information,24.2.2016 г. 02:11:58 ч.,EventLog,6006,None,The Event log service was stopped.
Information,23.2.2016 г. 17:44:36 ч.,EventLog,6005,None,The Event log service was started.
Information,23.2.2016 г. 11:37:49 ч.,EventLog,6006,None,The Event log service was stopped.
Information,23.2.2016 г. 11:13:00 ч.,EventLog,6005,None,The Event log service was started.
Information,22.2.2016 г. 23:22:42 ч.,EventLog,6005,None,The Event log service was started.
Information,22.2.2016 г. 19:37:03 ч.,EventLog,6006,None,The Event log service was stopped.
Information,22.2.2016 г. 19:27:04 ч.,EventLog,6005,None,The Event log service was started.
Information,22.2.2016 г. 16:04:41 ч.,EventLog,6006,None,The Event log service was stopped.
Information,22.2.2016 г. 16:00:17 ч.,EventLog,6005,None,The Event log service was started.
Information,21.2.2016 г. 02:46:09 ч.,EventLog,6006,None,The Event log service was stopped.
Information,21.2.2016 г. 01:18:45 ч.,EventLog,6005,None,The Event log service was started.
Information,20.2.2016 г. 19:40:53 ч.,EventLog,6006,None,The Event log service was stopped.
Information,20.2.2016 г. 19:32:27 ч.,EventLog,6005,None,The Event log service was started.
Information,19.2.2016 г. 01:36:02 ч.,EventLog,6006,None,The Event log service was stopped.
Information,18.2.2016 г. 23:59:08 ч.,EventLog,6005,None,The Event log service was started.
Information,18.2.2016 г. 07:16:06 ч.,EventLog,6006,None,The Event log service was stopped.
Information,18.2.2016 г. 06:22:40 ч.,EventLog,6005,None,The Event log service was started.
Information,18.2.2016 г. 00:55:01 ч.,EventLog,6006,None,The Event log service was stopped.
Information,17.2.2016 г. 23:02:02 ч.,EventLog,6005,None,The Event log service was started.
Information,17.2.2016 г. 02:17:07 ч.,EventLog,6006,None,The Event log service was stopped.
Information,16.2.2016 г. 23:26:23 ч.,EventLog,6005,None,The Event log service was started.
Information,16.2.2016 г. 02:11:43 ч.,EventLog,6006,None,The Event log service was stopped.
Information,16.2.2016 г. 00:34:06 ч.,EventLog,6005,None,The Event log service was started.
Information,16.2.2016 г. 00:30:53 ч.,EventLog,6005,None,The Event log service was started.
Information,13.2.2016 г. 12:02:23 ч.,EventLog,6006,None,The Event log service was stopped.
Information,13.2.2016 г. 11:41:37 ч.,EventLog,6005,None,The Event log service was started.
Information,13.2.2016 г. 03:08:05 ч.,EventLog,6006,None,The Event log service was stopped.
Information,13.2.2016 г. 00:55:19 ч.,EventLog,6005,None,The Event log service was started.
Information,12.2.2016 г. 23:43:28 ч.,EventLog,6005,None,The Event log service was started.
Information,12.2.2016 г. 09:47:22 ч.,EventLog,6006,None,The Event log service was stopped.
Information,12.2.2016 г. 09:43:16 ч.,EventLog,6005,None,The Event log service was started.
Information,12.2.2016 г. 00:34:11 ч.,EventLog,6006,None,The Event log service was stopped.
Information,11.2.2016 г. 23:05:38 ч.,EventLog,6005,None,The Event log service was started.
Information,11.2.2016 г. 09:21:50 ч.,EventLog,6006,None,The Event log service was stopped.
Information,11.2.2016 г. 09:19:18 ч.,EventLog,6005,None,The Event log service was started.
Information,11.2.2016 г. 01:22:10 ч.,EventLog,6006,None,The Event log service was stopped.
Information,10.2.2016 г. 23:29:23 ч.,EventLog,6005,None,The Event log service was started.
Information,21.1.2016 г. 00:14:58 ч.,EventLog,6006,None,The Event log service was stopped.
Information,21.1.2016 г. 00:02:28 ч.,EventLog,6005,None,The Event log service was started.
Information,10.1.2016 г. 13:57:59 ч.,EventLog,6006,None,The Event log service was stopped.
Information,10.1.2016 г. 12:29:32 ч.,EventLog,6005,None,The Event log service was started.
Information,9.1.2016 г. 19:30:03 ч.,EventLog,6006,None,The Event log service was stopped.
Information,9.1.2016 г. 11:47:08 ч.,EventLog,6005,None,The Event log service was started.
Information,1.1.2016 г. 22:49:18 ч.,EventLog,6006,None,The Event log service was stopped.
Information,1.1.2016 г. 18:15:54 ч.,EventLog,6005,None,The Event log service was started.
Information,15.11.2015 г. 22:57:56 ч.,EventLog,6006,None,The Event log service was stopped.
Information,15.11.2015 г. 22:55:38 ч.,EventLog,6005,None,The Event log service was started.
Information,15.11.2015 г. 13:52:04 ч.,EventLog,6006,None,The Event log service was stopped.
Information,15.11.2015 г. 13:21:51 ч.,EventLog,6005,None,The Event log service was started.
Information,15.11.2015 г. 11:47:03 ч.,EventLog,6005,None,The Event log service was started.
Information,12.11.2015 г. 23:11:51 ч.,EventLog,6006,None,The Event log service was stopped.
Information,12.11.2015 г. 22:38:12 ч.,EventLog,6005,None,The Event log service was started.
Information,11.11.2015 г. 08:03:01 ч.,EventLog,6006,None,The Event log service was stopped.
Information,11.11.2015 г. 07:30:49 ч.,EventLog,6005,None,The Event log service was started.
Information,11.11.2015 г. 00:43:42 ч.,EventLog,6006,None,The Event log service was stopped.
Information,10.11.2015 г. 23:45:51 ч.,EventLog,6005,None,The Event log service was started.
Information,10.11.2015 г. 08:05:18 ч.,EventLog,6006,None,The Event log service was stopped.
Information,10.11.2015 г. 07:23:22 ч.,EventLog,6005,None,The Event log service was started.
Information,1.11.2015 г. 13:41:15 ч.,EventLog,6006,None,The Event log service was stopped.
Information,1.11.2015 г. 13:28:16 ч.,EventLog,6005,None,The Event log service was started.
Information,1.11.2015 г. 13:14:50 ч.,EventLog,6005,None,The Event log service was started.
Information,1.11.2015 г. 13:07:43 ч.,EventLog,6005,None,The Event log service was started.
Information,1.11.2015 г. 13:04:35 ч.,EventLog,6005,None,The Event log service was started.
Information,1.11.2015 г. 10:33:22 ч.,EventLog,6005,None,The Event log service was started.
Information,29.10.2015 г. 01:18:32 ч.,EventLog,6006,None,The Event log service was stopped.
Information,28.10.2015 г. 23:04:03 ч.,EventLog,6005,None,The Event log service was started.
Information,28.10.2015 г. 10:28:18 ч.,EventLog,6006,None,The Event log service was stopped.
Information,28.10.2015 г. 10:25:36 ч.,EventLog,6005,None,The Event log service was started.
Information,27.10.2015 г. 10:56:34 ч.,EventLog,6006,None,The Event log service was stopped.
Information,27.10.2015 г. 09:36:44 ч.,EventLog,6005,None,The Event log service was started.
Information,26.10.2015 г. 14:49:52 ч.,EventLog,6006,None,The Event log service was stopped.
Information,26.10.2015 г. 14:47:53 ч.,EventLog,6005,None,The Event log service was started.
Information,26.10.2015 г. 13:46:05 ч.,EventLog,6006,None,The Event log service was stopped.
Information,26.10.2015 г. 13:33:44 ч.,EventLog,6005,None,The Event log service was started.
Information,26.10.2015 г. 10:14:36 ч.,EventLog,6006,None,The Event log service was stopped.
Information,26.10.2015 г. 10:10:37 ч.,EventLog,6005,None,The Event log service was started.
Information,26.10.2015 г. 09:45:39 ч.,EventLog,6006,None,The Event log service was stopped.
Information,26.10.2015 г. 09:28:24 ч.,EventLog,6005,None,The Event log service was started.
Information,26.10.2015 г. 09:18:58 ч.,EventLog,6005,None,The Event log service was started.
Information,26.10.2015 г. 02:03:31 ч.,EventLog,6006,None,The Event log service was stopped.
Information,25.10.2015 г. 23:21:47 ч.,EventLog,6005,None,The Event log service was started.
Information,24.10.2015 г. 18:54:11 ч.,EventLog,6006,None,The Event log service was stopped.
Information,24.10.2015 г. 13:03:06 ч.,EventLog,6005,None,The Event log service was started.
Information,24.10.2015 г. 01:07:10 ч.,EventLog,6005,None,The Event log service was started.
Information,23.10.2015 г. 19:52:28 ч.,EventLog,6006,None,The Event log service was stopped.
Information,23.10.2015 г. 19:48:16 ч.,EventLog,6005,None,The Event log service was started.
Information,23.10.2015 г. 01:48:38 ч.,EventLog,6006,None,The Event log service was stopped.
Information,22.10.2015 г. 11:25:59 ч.,EventLog,6005,None,The Event log service was started.
Information,22.10.2015 г. 01:56:39 ч.,EventLog,6006,None,The Event log service was stopped.
Information,21.10.2015 г. 23:17:49 ч.,EventLog,6005,None,The Event log service was started.
Information,21.10.2015 г. 23:13:17 ч.,EventLog,6005,None,The Event log service was started.
Information,21.10.2015 г. 02:47:55 ч.,EventLog,6006,None,The Event log service was stopped.
Information,21.10.2015 г. 00:33:27 ч.,EventLog,6005,None,The Event log service was started.
Information,21.10.2015 г. 00:29:19 ч.,EventLog,6005,None,The Event log service was started.
Information,16.10.2015 г. 15:17:42 ч.,EventLog,6006,None,The Event log service was stopped.
Information,16.10.2015 г. 15:03:01 ч.,EventLog,6005,None,The Event log service was started.
Information,16.10.2015 г. 14:42:00 ч.,EventLog,6005,None,The Event log service was started.
Information,10.10.2015 г. 02:27:38 ч.,EventLog,6005,None,The Event log service was started.
Information,10.10.2015 г. 01:53:53 ч.,EventLog,6005,None,The Event log service was started.
Information,10.10.2015 г. 01:26:22 ч.,EventLog,6005,None,The Event log service was started.
Information,10.10.2015 г. 01:12:58 ч.,EventLog,6005,None,The Event log service was started.
Information,10.10.2015 г. 01:10:13 ч.,EventLog,6005,None,The Event log service was started.
Information,9.10.2015 г. 15:02:15 ч.,EventLog,6006,None,The Event log service was stopped.
Information,9.10.2015 г. 11:59:17 ч.,EventLog,6005,None,The Event log service was started.
Information,9.10.2015 г. 03:38:04 ч.,EventLog,6006,None,The Event log service was stopped.
Information,9.10.2015 г. 02:29:33 ч.,EventLog,6005,None,The Event log service was started.
Information,8.10.2015 г. 01:41:45 ч.,EventLog,6005,None,The Event log service was started.
Information,8.10.2015 г. 01:02:07 ч.,EventLog,6005,None,The Event log service was started.
Information,7.10.2015 г. 03:41:57 ч.,EventLog,6006,None,The Event log service was stopped.
Information,7.10.2015 г. 00:40:02 ч.,EventLog,6005,None,The Event log service was started.
Information,6.10.2015 г. 03:58:55 ч.,EventLog,6006,None,The Event log service was stopped.
Information,5.10.2015 г. 22:43:33 ч.,EventLog,6005,None,The Event log service was started.
Information,5.10.2015 г. 22:21:31 ч.,EventLog,6006,None,The Event log service was stopped.
Information,5.10.2015 г. 21:27:48 ч.,EventLog,6005,None,The Event log service was started.
Information,28.9.2015 г. 01:31:14 ч.,EventLog,6006,None,The Event log service was stopped.
Information,28.9.2015 г. 00:01:53 ч.,EventLog,6005,None,The Event log service was started.
Information,27.9.2015 г. 04:30:17 ч.,EventLog,6006,None,The Event log service was stopped.
Information,27.9.2015 г. 02:10:38 ч.,EventLog,6005,None,The Event log service was started.
Information,25.9.2015 г. 00:25:52 ч.,EventLog,6006,None,The Event log service was stopped.
Information,24.9.2015 г. 23:29:17 ч.,EventLog,6005,None,The Event log service was started.
Information,24.9.2015 г. 21:02:18 ч.,EventLog,6005,None,The Event log service was started.
Information,24.9.2015 г. 20:35:35 ч.,EventLog,6005,None,The Event log service was started.
Information,24.9.2015 г. 20:27:13 ч.,EventLog,6005,None,The Event log service was started.
Information,11.9.2015 г. 01:50:27 ч.,EventLog,6006,None,The Event log service was stopped.
Information,10.9.2015 г. 20:25:45 ч.,EventLog,6005,None,The Event log service was started.
Information,10.9.2015 г. 20:22:45 ч.,EventLog,6005,None,The Event log service was started.
Information,10.9.2015 г. 20:17:38 ч.,EventLog,6005,None,The Event log service was started.
Information,10.9.2015 г. 18:15:45 ч.,EventLog,6005,None,The Event log service was started.
Information,10.9.2015 г. 18:13:23 ч.,EventLog,6005,None,The Event log service was started.
Information,10.9.2015 г. 14:39:11 ч.,EventLog,6006,None,The Event log service was stopped.
Information,10.9.2015 г. 12:30:52 ч.,EventLog,6005,None,The Event log service was started.
Information,10.9.2015 г. 09:59:24 ч.,EventLog,6006,None,The Event log service was stopped.
Information,9.9.2015 г. 23:54:06 ч.,EventLog,6005,None,The Event log service was started.
Information,9.9.2015 г. 19:58:56 ч.,EventLog,6005,None,The Event log service was started.
Information,9.9.2015 г. 09:40:19 ч.,EventLog,6006,None,The Event log service was stopped.
Information,9.9.2015 г. 09:25:47 ч.,EventLog,6005,None,The Event log service was started.
Information,9.9.2015 г. 02:42:46 ч.,EventLog,6006,None,The Event log service was stopped.
